<PAMDataset>
  <Metadata>
    <MDI key="DataType">Generic</MDI>
  </Metadata>
  <Metadata domain="Esri">
    <MDI key="PyramidResamplingType">NEAREST</MDI>
  </Metadata>
  <PAMRasterBand band="1">
    <Histograms>
      <HistItem>
        <HistMin>-0.5</HistMin>
        <HistMax>9.5</HistMax>
        <BucketCount>10</BucketCount>
        <IncludeOutOfRange>1</IncludeOutOfRange>
        <Approximate>0</Approximate>
        <HistCounts>0|44137|78602|95168|96670|96888|98690|96436|96848|95466</HistCounts>
      </HistItem>
    </Histograms>
    <GDALRasterAttributeTable>
      <FieldDefn index="0">
        <Name>OID</Name>
        <Type>0</Type>
        <Usage>0</Usage>
      </FieldDefn>
      <FieldDefn index="1">
        <Name>VALUE</Name>
        <Type>0</Type>
        <Usage>0</Usage>
      </FieldDefn>
      <FieldDefn index="2">
        <Name>COUNT</Name>
        <Type>0</Type>
        <Usage>0</Usage>
      </FieldDefn>
      <Row index="0">
        <F>0</F>
        <F>1</F>
        <F>44137</F>
      </Row>
      <Row index="1">
        <F>1</F>
        <F>2</F>
        <F>78602</F>
      </Row>
      <Row index="2">
        <F>2</F>
        <F>3</F>
        <F>95168</F>
      </Row>
      <Row index="3">
        <F>3</F>
        <F>4</F>
        <F>96670</F>
      </Row>
      <Row index="4">
        <F>4</F>
        <F>5</F>
        <F>96888</F>
      </Row>
      <Row index="5">
        <F>5</F>
        <F>6</F>
        <F>98690</F>
      </Row>
      <Row index="6">
        <F>6</F>
        <F>7</F>
        <F>96436</F>
      </Row>
      <Row index="7">
        <F>7</F>
        <F>8</F>
        <F>96848</F>
      </Row>
      <Row index="8">
        <F>8</F>
        <F>9</F>
        <F>95466</F>
      </Row>
    </GDALRasterAttributeTable>
    <Metadata>
      <MDI key="SourceBandIndex">0</MDI>
      <MDI key="STATISTICS_COVARIANCES">5.86657592587151</MDI>
      <MDI key="STATISTICS_EXCLUDEDVALUES"></MDI>
      <MDI key="STATISTICS_MAXIMUM">9</MDI>
      <MDI key="STATISTICS_MEAN">5.331215851697</MDI>
      <MDI key="STATISTICS_MINIMUM">1</MDI>
      <MDI key="STATISTICS_SKIPFACTORX">1</MDI>
      <MDI key="STATISTICS_SKIPFACTORY">1</MDI>
      <MDI key="STATISTICS_STDDEV">2.4221015515192</MDI>
    </Metadata>
  </PAMRasterBand>
</PAMDataset>
