<PAMDataset>
  <Metadata>
    <MDI key="DataType">Generic</MDI>
  </Metadata>
  <Metadata domain="Esri">
    <MDI key="PyramidResamplingType">NEAREST</MDI>
  </Metadata>
  <PAMRasterBand band="1">
    <Histograms>
      <HistItem>
        <HistMin>-0.5</HistMin>
        <HistMax>7.5</HistMax>
        <BucketCount>8</BucketCount>
        <IncludeOutOfRange>1</IncludeOutOfRange>
        <Approximate>0</Approximate>
        <HistCounts>0|26527|6720|369717|1424|38264|58858|293032</HistCounts>
      </HistItem>
    </Histograms>
    <GDALRasterAttributeTable>
      <FieldDefn index="0">
        <Name>OID</Name>
        <Type>0</Type>
        <Usage>0</Usage>
      </FieldDefn>
      <FieldDefn index="1">
        <Name>VALUE</Name>
        <Type>0</Type>
        <Usage>0</Usage>
      </FieldDefn>
      <FieldDefn index="2">
        <Name>COUNT</Name>
        <Type>0</Type>
        <Usage>0</Usage>
      </FieldDefn>
      <Row index="0">
        <F>0</F>
        <F>1</F>
        <F>26527</F>
      </Row>
      <Row index="1">
        <F>1</F>
        <F>2</F>
        <F>6720</F>
      </Row>
      <Row index="2">
        <F>2</F>
        <F>3</F>
        <F>369717</F>
      </Row>
      <Row index="3">
        <F>3</F>
        <F>4</F>
        <F>1424</F>
      </Row>
      <Row index="4">
        <F>4</F>
        <F>5</F>
        <F>38264</F>
      </Row>
      <Row index="5">
        <F>5</F>
        <F>6</F>
        <F>58858</F>
      </Row>
      <Row index="6">
        <F>6</F>
        <F>7</F>
        <F>293032</F>
      </Row>
    </GDALRasterAttributeTable>
    <Metadata>
      <MDI key="SourceBandIndex">0</MDI>
      <MDI key="STATISTICS_COVARIANCES">3.944475820083669</MDI>
      <MDI key="STATISTICS_EXCLUDEDVALUES"></MDI>
      <MDI key="STATISTICS_MAXIMUM">7</MDI>
      <MDI key="STATISTICS_MEAN">4.7203369991769</MDI>
      <MDI key="STATISTICS_MINIMUM">1</MDI>
      <MDI key="STATISTICS_SKIPFACTORX">1</MDI>
      <MDI key="STATISTICS_SKIPFACTORY">1</MDI>
      <MDI key="STATISTICS_STDDEV">1.9860704469086</MDI>
    </Metadata>
  </PAMRasterBand>
</PAMDataset>
